contract_id,family,nominal_rate,rate_spread,notional,maturity_years,pay_cycle,rate_reset_cycle
ann-0001,A_basic,0.023865,0.01,202754.92,5,P6ML0,P1YL1
ann-0002,A_basic,0.024348,0.01,101013.81,5,P6ML0,P1YL1
ann-0003,A_basic,0.016723,0.01,180318.59,5,P6ML0,P1YL1
ann-0004,A_basic,0.020094,0.01,207744.67,5,P6ML0,P1YL1
ann-0005,A_basic,0.020598,0.01,217153.02,5,P6ML0,P1YL1
ann-0006,A_basic,0.0204,0.01,136553.41,5,P6ML0,P1YL1
ann-0007,A_basic,0.020015,0.01,139077.44,5,P6ML0,P1YL1
ann-0008,A_basic,0.019806,0.01,194308.01,5,P6ML0,P1YL1
ann-0009,A_basic,0.020962,0.01,230285.49,5,P6ML0,P1YL1
ann-0010,A_basic,0.027167,0.01,56118.0,5,P6ML0,P1YL1
ann-0011,A_basic,0.023698,0.01,237829.83,5,P6ML0,P1YL1
ann-0012,A_basic,0.020596,0.01,126240.85,5,P6ML0,P1YL1
ann-0013,A_basic,0.020655,0.01,55808.16,5,P6ML0,P1YL1
ann-0014,A_basic,0.023073,0.01,94338.33,5,P6ML0,P1YL1
ann-0015,A_basic,0.016753,0.01,96616.89,5,P6ML0,P1YL1
ann-0016,A_basic,0.021336,0.01,96173.31,5,P6ML0,P1YL1
ann-0017,A_basic,0.020649,0.01,107956.32,5,P6ML0,P1YL1
ann-0018,A_basic,0.023265,0.01,54297.94,5,P6ML0,P1YL1
ann-0019,A_basic,0.022,0.01,178458.87,5,P6ML0,P1YL1
ann-0020,A_basic,0.016739,0.01,87181.25,5,P6ML0,P1YL1
ann-0021,A_basic,0.025942,0.01,74177.99,5,P6ML0,P1YL1
ann-0022,A_basic,0.019721,0.01,116539.04,5,P6ML0,P1YL1
ann-0023,A_basic,0.019157,0.01,237288.12,5,P6ML0,P1YL1
ann-0024,A_basic,0.015347,0.01,134421.4,5,P6ML0,P1YL1
ann-0025,A_basic,0.022154,0.01,110673.7,5,P6ML0,P1YL1
ann-0026,A_basic,0.016084,0.01,167516.12,5,P6ML0,P1YL1
ann-0027,A_basic,0.024293,0.01,151056.76,5,P6ML0,P1YL1
ann-0028,A_basic,0.016093,0.01,167800.45,5,P6ML0,P1YL1
ann-0029,A_basic,0.022185,0.01,209480.85,5,P6ML0,P1YL1
ann-0030,A_basic,0.020482,0.01,132862.8,5,P6ML0,P1YL1
ann-0031,A_basic,0.02176,0.01,190608.15,5,P6ML0,P1YL1
ann-0032,A_basic,0.023351,0.01,184897.17,5,P6ML0,P1YL1
ann-0033,A_basic,0.017724,0.01,151685.3,5,P6ML0,P1YL1
ann-0034,A_basic,0.022285,0.01,205688.52,5,P6ML0,P1YL1
ann-0035,A_basic,0.017027,0.01,147938.7,5,P6ML0,P1YL1
ann-0036,A_basic,0.019607,0.01,55914.99,5,P6ML0,P1YL1
ann-0037,A_basic,0.024504,0.01,246637.54,5,P6ML0,P1YL1
ann-0038,A_basic,0.021262,0.01,168636.75,5,P6ML0,P1YL1
ann-0039,A_basic,0.018561,0.01,150447.71,5,P6ML0,P1YL1
ann-0040,A_basic,0.021136,0.01,246415.33,5,P6ML0,P1YL1
ann-0041,A_basic,0.020481,0.01,222057.96,5,P6ML0,P1YL1
ann-0042,A_basic,0.016294,0.01,96435.23,5,P6ML0,P1YL1
ann-0043,A_basic,0.012623,0.01,165558.96,5,P6ML0,P1YL1
ann-0044,A_basic,0.01936,0.01,141826.35,5,P6ML0,P1YL1
ann-0045,A_basic,0.019543,0.01,241423.26,5,P6ML0,P1YL1
ann-0046,A_basic,0.023753,0.01,51141.83,5,P6ML0,P1YL1
ann-0047,A_basic,0.021167,0.01,227235.92,5,P6ML0,P1YL1
ann-0048,A_basic,0.014564,0.01,198100.68,5,P6ML0,P1YL1
ann-0049,A_basic,0.021317,0.01,162271.57,5,P6ML0,P1YL1
ann-0050,A_basic,0.01662,0.01,135218.14,5,P6ML0,P1YL1
ann-0051,A_basic,0.025687,0.01,163999.87,5,P6ML0,P1YL1
ann-0052,A_basic,0.022093,0.01,89967.88,5,P6ML0,P1YL1
ann-0053,A_basic,0.016546,0.01,121357.99,5,P6ML0,P1YL1
ann-0054,A_basic,0.019898,0.01,119215.58,5,P6ML0,P1YL1
ann-0055,A_basic,0.015929,0.01,172490.49,5,P6ML0,P1YL1
ann-0056,A_basic,0.018996,0.01,141629.36,5,P6ML0,P1YL1
ann-0057,A_basic,0.022133,0.01,85442.25,5,P6ML0,P1YL1
ann-0058,A_basic,0.020379,0.01,166892.17,5,P6ML0,P1YL1
ann-0059,A_basic,0.023449,0.01,209419.51,5,P6ML0,P1YL1
ann-0060,A_basic,0.015885,0.01,213287.47,5,P6ML0,P1YL1
ann-0061,A_basic,0.019808,0.01,184622.71,5,P6ML0,P1YL1
ann-0062,A_basic,0.025757,0.01,66646.83,5,P6ML0,P1YL1
ann-0063,A_basic,0.020511,0.01,201117.36,5,P6ML0,P1YL1
ann-0064,A_basic,0.020054,0.01,99911.85,5,P6ML0,P1YL1
ann-0065,A_basic,0.023245,0.01,118884.57,5,P6ML0,P1YL1
ann-0066,A_basic,0.022667,0.01,63903.08,5,P6ML0,P1YL1
ann-0067,A_basic,0.021975,0.01,83628.99,5,P6ML0,P1YL1
ann-0068,A_basic,0.023097,0.01,104582.89,5,P6ML0,P1YL1
ann-0069,A_basic,0.01921,0.01,114400.35,5,P6ML0,P1YL1
ann-0070,A_basic,0.016792,0.01,144754.2,5,P6ML0,P1YL1
ann-0071,A_basic,0.022933,0.01,134183.74,5,P6ML0,P1YL1
ann-0072,A_basic,0.020439,0.01,87607.86,5,P6ML0,P1YL1
ann-0073,A_basic,0.02499,0.01,152023.2,5,P6ML0,P1YL1
ann-0074,A_basic,0.024063,0.01,91818.2,5,P6ML0,P1YL1
ann-0075,A_basic,0.015645,0.01,54163.62,5,P6ML0,P1YL1
ann-0076,A_basic,0.016593,0.01,53572.9,5,P6ML0,P1YL1
ann-0077,A_basic,0.022894,0.01,82045.52,5,P6ML0,P1YL1
ann-0078,A_basic,0.023803,0.01,190921.13,5,P6ML0,P1YL1
ann-0079,A_basic,0.018359,0.01,94119.95,5,P6ML0,P1YL1
ann-0080,A_basic,0.016613,0.01,245118.9,5,P6ML0,P1YL1
ann-0081,A_basic,0.02107,0.01,94639.16,5,P6ML0,P1YL1
ann-0082,A_basic,0.016545,0.01,179701.28,5,P6ML0,P1YL1
ann-0083,A_basic,0.016897,0.01,114249.16,5,P6ML0,P1YL1
ann-0084,A_basic,0.02241,0.01,176189.57,5,P6ML0,P1YL1
ann-0085,A_basic,0.022356,0.01,243580.66,5,P6ML0,P1YL1
ann-0086,A_basic,0.020912,0.01,225106.85,5,P6ML0,P1YL1
ann-0087,A_basic,0.017942,0.01,112072.73,5,P6ML0,P1YL1
ann-0088,A_basic,0.025564,0.01,237857.69,5,P6ML0,P1YL1
ann-0089,A_basic,0.01988,0.01,100471.62,5,P6ML0,P1YL1
ann-0090,A_basic,0.01689,0.01,51696.05,5,P6ML0,P1YL1
ann-0091,A_basic,0.020603,0.01,213882.82,5,P6ML0,P1YL1
ann-0092,A_basic,0.019424,0.01,242440.23,5,P6ML0,P1YL1
ann-0093,A_basic,0.018336,0.01,223556.21,5,P6ML0,P1YL1
ann-0094,A_basic,0.019213,0.01,244755.05,5,P6ML0,P1YL1
ann-0095,A_basic,0.018981,0.01,125593.77,5,P6ML0,P1YL1
ann-0096,A_basic,0.016571,0.01,119386.18,5,P6ML0,P1YL1
ann-0097,A_basic,0.021233,0.01,136590.02,5,P6ML0,P1YL1
ann-0098,A_basic,0.02432,0.01,88823.73,5,P6ML0,P1YL1
ann-0099,A_basic,0.02352,0.01,109214.53,5,P6ML0,P1YL1
ann-0100,A_basic,0.02271,0.01,149959.98,5,P6ML0,P1YL1
ann-0101,A_basic,0.017229,0.01,229935.65,5,P6ML0,P1YL1
ann-0102,A_basic,0.02541,0.01,53618.6,5,P6ML0,P1YL1
ann-0103,A_basic,0.020813,0.01,247409.94,5,P6ML0,P1YL1
ann-0104,A_basic,0.022547,0.01,206540.08,5,P6ML0,P1YL1
ann-0105,A_basic,0.018897,0.01,184891.01,5,P6ML0,P1YL1
ann-0106,A_basic,0.02176,0.01,217540.21,5,P6ML0,P1YL1
ann-0107,A_basic,0.022508,0.01,226478.64,5,P6ML0,P1YL1
ann-0108,A_basic,0.018862,0.01,187422.04,5,P6ML0,P1YL1
ann-0109,A_basic,0.011311,0.01,96928.09,5,P6ML0,P1YL1
ann-0110,A_basic,0.020849,0.01,195093.04,5,P6ML0,P1YL1
ann-0111,A_basic,0.021577,0.01,232197.56,5,P6ML0,P1YL1
ann-0112,A_basic,0.020928,0.01,92593.64,5,P6ML0,P1YL1
ann-0113,A_basic,0.020233,0.01,218226.44,5,P6ML0,P1YL1
ann-0114,A_basic,0.015944,0.01,123621.6,5,P6ML0,P1YL1
ann-0115,A_basic,0.018663,0.01,223483.96,5,P6ML0,P1YL1
ann-0116,A_basic,0.022099,0.01,170796.51,5,P6ML0,P1YL1
ann-0117,A_basic,0.026012,0.01,77069.2,5,P6ML0,P1YL1
ann-0118,A_basic,0.018225,0.01,160234.09,5,P6ML0,P1YL1
ann-0119,A_basic,0.020672,0.01,64638.68,5,P6ML0,P1YL1
ann-0120,A_basic,0.020517,0.01,223233.67,5,P6ML0,P1YL1
ann-0121,A_basic,0.021336,0.01,118179.49,5,P6ML0,P1YL1
ann-0122,A_basic,0.014527,0.01,173037.21,5,P6ML0,P1YL1
ann-0123,A_basic,0.020582,0.01,164156.31,5,P6ML0,P1YL1
ann-0124,A_basic,0.017135,0.01,94742.81,5,P6ML0,P1YL1
ann-0125,A_basic,0.022058,0.01,228153.63,5,P6ML0,P1YL1
ann-0126,A_basic,0.021161,0.01,162889.37,5,P6ML0,P1YL1
ann-0127,A_basic,0.022958,0.01,105436.55,5,P6ML0,P1YL1
ann-0128,A_basic,0.018494,0.01,207402.93,5,P6ML0,P1YL1
ann-0129,A_basic,0.020222,0.01,184082.33,5,P6ML0,P1YL1
ann-0130,A_basic,0.019582,0.01,68336.62,5,P6ML0,P1YL1
ann-0131,A_basic,0.024678,0.01,58004.71,5,P6ML0,P1YL1
ann-0132,A_basic,0.02413,0.01,97926.67,5,P6ML0,P1YL1
ann-0133,A_basic,0.023128,0.01,73111.64,5,P6ML0,P1YL1
ann-0134,A_basic,0.019767,0.01,83476.69,5,P6ML0,P1YL1
ann-0135,A_basic,0.020267,0.01,70566.83,5,P6ML0,P1YL1
ann-0136,A_basic,0.024945,0.01,232152.88,5,P6ML0,P1YL1
ann-0137,A_basic,0.014261,0.01,231844.55,5,P6ML0,P1YL1
ann-0138,A_basic,0.025508,0.01,108804.72,5,P6ML0,P1YL1
ann-0139,A_basic,0.019927,0.01,70025.83,5,P6ML0,P1YL1
ann-0140,A_basic,0.023415,0.01,180410.04,5,P6ML0,P1YL1
ann-0141,A_basic,0.020423,0.01,246516.73,5,P6ML0,P1YL1
ann-0142,A_basic,0.020107,0.01,109109.97,5,P6ML0,P1YL1
ann-0143,A_basic,0.017306,0.01,112656.17,5,P6ML0,P1YL1
ann-0144,A_basic,0.01813,0.01,62592.96,5,P6ML0,P1YL1
ann-0145,A_basic,0.026791,0.01,243959.3,5,P6ML0,P1YL1
ann-0146,A_basic,0.015891,0.01,72272.46,5,P6ML0,P1YL1
ann-0147,A_basic,0.020903,0.01,245990.58,5,P6ML0,P1YL1
ann-0148,A_basic,0.024062,0.01,158582.64,5,P6ML0,P1YL1
ann-0149,A_basic,0.018327,0.01,101817.2,5,P6ML0,P1YL1
ann-0150,A_basic,0.015911,0.01,158320.45,5,P6ML0,P1YL1
ann-0151,A_basic,0.019205,0.01,66273.75,5,P6ML0,P1YL1
ann-0152,A_basic,0.022112,0.01,106157.34,5,P6ML0,P1YL1
ann-0153,A_basic,0.023252,0.01,180402.11,5,P6ML0,P1YL1
ann-0154,A_basic,0.019659,0.01,178693.22,5,P6ML0,P1YL1
ann-0155,A_basic,0.022781,0.01,111356.86,5,P6ML0,P1YL1
ann-0156,A_basic,0.018914,0.01,115448.28,5,P6ML0,P1YL1
ann-0157,A_basic,0.017633,0.01,228700.05,5,P6ML0,P1YL1
ann-0158,A_basic,0.025311,0.01,110561.87,5,P6ML0,P1YL1
ann-0159,A_basic,0.018099,0.01,165797.09,5,P6ML0,P1YL1
ann-0160,A_basic,0.023245,0.01,169192.51,5,P6ML0,P1YL1
ann-0161,A_basic,0.020019,0.01,98751.86,5,P6ML0,P1YL1
ann-0162,A_basic,0.020608,0.01,64465.51,5,P6ML0,P1YL1
ann-0163,A_basic,0.018908,0.01,65025.96,5,P6ML0,P1YL1
ann-0164,A_basic,0.019636,0.01,177076.42,5,P6ML0,P1YL1
ann-0165,A_basic,0.018651,0.01,148652.21,5,P6ML0,P1YL1
ann-0166,A_basic,0.025144,0.01,222529.8,5,P6ML0,P1YL1
ann-0167,A_basic,0.022005,0.01,208996.7,5,P6ML0,P1YL1
ann-0168,A_basic,0.022917,0.01,65421.4,5,P6ML0,P1YL1
ann-0169,A_basic,0.021757,0.01,205241.8,5,P6ML0,P1YL1
ann-0170,A_basic,0.01942,0.01,246979.17,5,P6ML0,P1YL1
ann-0171,A_basic,0.021145,0.01,71375.55,5,P6ML0,P1YL1
ann-0172,A_basic,0.017628,0.01,152871.65,5,P6ML0,P1YL1
ann-0173,A_basic,0.022186,0.01,228751.76,5,P6ML0,P1YL1
ann-0174,A_basic,0.018786,0.01,78336.13,5,P6ML0,P1YL1
ann-0175,A_basic,0.020645,0.01,113213.74,5,P6ML0,P1YL1
ann-0176,A_basic,0.019594,0.01,230617.66,5,P6ML0,P1YL1
ann-0177,A_basic,0.022171,0.01,218143.7,5,P6ML0,P1YL1
ann-0178,A_basic,0.01383,0.01,199236.98,5,P6ML0,P1YL1
ann-0179,A_basic,0.019304,0.01,136527.6,5,P6ML0,P1YL1
ann-0180,A_basic,0.018254,0.01,81579.39,5,P6ML0,P1YL1
ann-0181,A_basic,0.019024,0.01,100517.28,5,P6ML0,P1YL1
ann-0182,A_basic,0.015655,0.01,62882.84,5,P6ML0,P1YL1
ann-0183,A_basic,0.025309,0.01,159853.99,5,P6ML0,P1YL1
ann-0184,A_basic,0.018757,0.01,158275.53,5,P6ML0,P1YL1
ann-0185,A_basic,0.021959,0.01,129142.09,5,P6ML0,P1YL1
ann-0186,A_basic,0.017349,0.01,117733.83,5,P6ML0,P1YL1
ann-0187,A_basic,0.019967,0.01,179287.77,5,P6ML0,P1YL1
ann-0188,A_basic,0.020666,0.01,133336.78,5,P6ML0,P1YL1
ann-0189,A_basic,0.019028,0.01,120988.69,5,P6ML0,P1YL1
ann-0190,A_basic,0.019538,0.01,77656.82,5,P6ML0,P1YL1
ann-0191,A_basic,0.021642,0.01,215786.88,5,P6ML0,P1YL1
ann-0192,A_basic,0.021644,0.01,129559.46,5,P6ML0,P1YL1
ann-0193,A_basic,0.016642,0.01,96705.93,5,P6ML0,P1YL1
ann-0194,A_basic,0.022405,0.01,51495.43,5,P6ML0,P1YL1
ann-0195,A_basic,0.016521,0.01,179767.92,5,P6ML0,P1YL1
ann-0196,A_basic,0.019366,0.01,137663.39,5,P6ML0,P1YL1
ann-0197,A_basic,0.018111,0.01,97674.94,5,P6ML0,P1YL1
ann-0198,A_basic,0.015517,0.01,149014.45,5,P6ML0,P1YL1
ann-0199,A_basic,0.017877,0.01,132449.23,5,P6ML0,P1YL1
ann-0200,A_basic,0.020284,0.01,162081.49,5,P6ML0,P1YL1
ann-0201,A_basic,0.025591,0.01,105045.07,5,P6ML0,P1YL1
ann-0202,A_basic,0.016299,0.01,179283.04,5,P6ML0,P1YL1
ann-0203,A_basic,0.021103,0.01,152338.34,5,P6ML0,P1YL1
ann-0204,A_basic,0.020345,0.01,225484.82,5,P6ML0,P1YL1
ann-0205,A_basic,0.022754,0.01,226601.91,5,P6ML0,P1YL1
ann-0206,A_basic,0.024308,0.01,112360.41,5,P6ML0,P1YL1
ann-0207,A_basic,0.01794,0.01,124322.87,5,P6ML0,P1YL1
ann-0208,A_basic,0.014543,0.01,190256.53,5,P6ML0,P1YL1
ann-0209,A_basic,0.019656,0.01,221255.43,5,P6ML0,P1YL1
ann-0210,A_basic,0.015983,0.01,229320.87,5,P6ML0,P1YL1
ann-0211,A_basic,0.023782,0.01,85255.18,5,P6ML0,P1YL1
ann-0212,A_basic,0.019031,0.01,100119.08,5,P6ML0,P1YL1
ann-0213,A_basic,0.020787,0.01,201550.02,5,P6ML0,P1YL1
ann-0214,A_basic,0.023815,0.01,60426.64,5,P6ML0,P1YL1
ann-0215,A_basic,0.018014,0.01,119596.3,5,P6ML0,P1YL1
ann-0216,A_basic,0.015665,0.01,153011.16,5,P6ML0,P1YL1
ann-0217,A_basic,0.022476,0.01,58141.74,5,P6ML0,P1YL1
ann-0218,A_basic,0.024175,0.01,246244.21,5,P6ML0,P1YL1
ann-0219,A_basic,0.021503,0.01,103505.25,5,P6ML0,P1YL1
ann-0220,A_basic,0.016055,0.01,232572.58,5,P6ML0,P1YL1
ann-0221,A_basic,0.021589,0.01,205151.45,5,P6ML0,P1YL1
ann-0222,A_basic,0.019586,0.01,218386.17,5,P6ML0,P1YL1
ann-0223,A_basic,0.017497,0.01,139011.75,5,P6ML0,P1YL1
ann-0224,A_basic,0.016072,0.01,234861.56,5,P6ML0,P1YL1
ann-0225,A_basic,0.022897,0.01,210542.31,5,P6ML0,P1YL1
ann-0226,A_basic,0.01947,0.01,136584.32,5,P6ML0,P1YL1
ann-0227,A_basic,0.021359,0.01,75266.01,5,P6ML0,P1YL1
ann-0228,A_basic,0.022289,0.01,231776.95,5,P6ML0,P1YL1
ann-0229,A_basic,0.021463,0.01,170135.82,5,P6ML0,P1YL1
ann-0230,A_basic,0.019619,0.01,131644.82,5,P6ML0,P1YL1
ann-0231,A_basic,0.021851,0.01,99643.27,5,P6ML0,P1YL1
ann-0232,A_basic,0.021697,0.01,199915.36,5,P6ML0,P1YL1
ann-0233,A_basic,0.021946,0.01,137754.61,5,P6ML0,P1YL1
ann-0234,A_basic,0.020049,0.01,54206.93,5,P6ML0,P1YL1
ann-0235,A_basic,0.017152,0.01,217066.47,5,P6ML0,P1YL1
ann-0236,A_basic,0.017061,0.01,91321.16,5,P6ML0,P1YL1
ann-0237,A_basic,0.019187,0.01,104645.14,5,P6ML0,P1YL1
ann-0238,A_basic,0.023662,0.01,167147.62,5,P6ML0,P1YL1
ann-0239,A_basic,0.019975,0.01,208218.14,5,P6ML0,P1YL1
ann-0240,A_basic,0.024551,0.01,211730.92,5,P6ML0,P1YL1
ann-0241,A_basic,0.023715,0.01,148161.86,5,P6ML0,P1YL1
ann-0242,A_basic,0.019378,0.01,221139.54,5,P6ML0,P1YL1
ann-0243,A_basic,0.020466,0.01,126651.28,5,P6ML0,P1YL1
ann-0244,A_basic,0.016127,0.01,106809.49,5,P6ML0,P1YL1
ann-0245,A_basic,0.024237,0.01,73614.31,5,P6ML0,P1YL1
ann-0246,A_basic,0.023422,0.01,199453.05,5,P6ML0,P1YL1
ann-0247,A_basic,0.012546,0.01,202213.13,5,P6ML0,P1YL1
ann-0248,A_basic,0.01782,0.01,244703.96,5,P6ML0,P1YL1
ann-0249,A_basic,0.02231,0.01,164515.66,5,P6ML0,P1YL1
ann-0250,A_basic,0.022674,0.01,112250.29,5,P6ML0,P1YL1
ann-0251,B_longer,0.021243,0.012,155678.79,8,P6ML0,P1YL1
ann-0252,B_longer,0.024928,0.012,50168.94,8,P6ML0,P1YL1
ann-0253,B_longer,0.020913,0.012,110959.84,8,P6ML0,P1YL1
ann-0254,B_longer,0.02655,0.012,129880.55,8,P6ML0,P1YL1
ann-0255,B_longer,0.026252,0.012,148459.83,8,P6ML0,P1YL1
ann-0256,B_longer,0.019064,0.012,179533.65,8,P6ML0,P1YL1
ann-0257,B_longer,0.023059,0.012,50775.13,8,P6ML0,P1YL1
ann-0258,B_longer,0.026879,0.012,105524.25,8,P6ML0,P1YL1
ann-0259,B_longer,0.018259,0.012,215884.25,8,P6ML0,P1YL1
ann-0260,B_longer,0.02022,0.012,152192.04,8,P6ML0,P1YL1
ann-0261,B_longer,0.029436,0.012,216918.7,8,P6ML0,P1YL1
ann-0262,B_longer,0.024637,0.012,131793.07,8,P6ML0,P1YL1
ann-0263,B_longer,0.0246,0.012,111067.32,8,P6ML0,P1YL1
ann-0264,B_longer,0.013155,0.012,84062.57,8,P6ML0,P1YL1
ann-0265,B_longer,0.021413,0.012,121884.41,8,P6ML0,P1YL1
ann-0266,B_longer,0.02163,0.012,50703.85,8,P6ML0,P1YL1
ann-0267,B_longer,0.021767,0.012,131050.41,8,P6ML0,P1YL1
ann-0268,B_longer,0.027703,0.012,222249.06,8,P6ML0,P1YL1
ann-0269,B_longer,0.019386,0.012,229581.83,8,P6ML0,P1YL1
ann-0270,B_longer,0.021707,0.012,199754.69,8,P6ML0,P1YL1
ann-0271,B_longer,0.018387,0.012,178071.08,8,P6ML0,P1YL1
ann-0272,B_longer,0.025303,0.012,179749.09,8,P6ML0,P1YL1
ann-0273,B_longer,0.022195,0.012,175852.41,8,P6ML0,P1YL1
ann-0274,B_longer,0.022025,0.012,176746.5,8,P6ML0,P1YL1
ann-0275,B_longer,0.031448,0.012,219253.61,8,P6ML0,P1YL1
ann-0276,B_longer,0.022311,0.012,203499.96,8,P6ML0,P1YL1
ann-0277,B_longer,0.027177,0.012,119890.02,8,P6ML0,P1YL1
ann-0278,B_longer,0.019998,0.012,102916.65,8,P6ML0,P1YL1
ann-0279,B_longer,0.022878,0.012,158849.35,8,P6ML0,P1YL1
ann-0280,B_longer,0.017141,0.012,80413.99,8,P6ML0,P1YL1
ann-0281,B_longer,0.027294,0.012,143420.53,8,P6ML0,P1YL1
ann-0282,B_longer,0.021007,0.012,59077.61,8,P6ML0,P1YL1
ann-0283,B_longer,0.018403,0.012,134519.56,8,P6ML0,P1YL1
ann-0284,B_longer,0.024573,0.012,121035.46,8,P6ML0,P1YL1
ann-0285,B_longer,0.024559,0.012,151432.72,8,P6ML0,P1YL1
ann-0286,B_longer,0.024334,0.012,239225.42,8,P6ML0,P1YL1
ann-0287,B_longer,0.023518,0.012,187781.65,8,P6ML0,P1YL1
ann-0288,B_longer,0.021225,0.012,170998.78,8,P6ML0,P1YL1
ann-0289,B_longer,0.025697,0.012,227205.06,8,P6ML0,P1YL1
ann-0290,B_longer,0.027639,0.012,103813.84,8,P6ML0,P1YL1
ann-0291,B_longer,0.031719,0.012,154639.55,8,P6ML0,P1YL1
ann-0292,B_longer,0.028418,0.012,123641.63,8,P6ML0,P1YL1
ann-0293,B_longer,0.018482,0.012,83710.72,8,P6ML0,P1YL1
ann-0294,B_longer,0.024527,0.012,180613.4,8,P6ML0,P1YL1
ann-0295,B_longer,0.023327,0.012,103952.13,8,P6ML0,P1YL1
ann-0296,B_longer,0.017845,0.012,171933.27,8,P6ML0,P1YL1
ann-0297,B_longer,0.025576,0.012,84472.59,8,P6ML0,P1YL1
ann-0298,B_longer,0.030101,0.012,207953.52,8,P6ML0,P1YL1
ann-0299,B_longer,0.027395,0.012,94463.71,8,P6ML0,P1YL1
ann-0300,B_longer,0.022342,0.012,242757.68,8,P6ML0,P1YL1
ann-0301,B_longer,0.022928,0.012,56106.89,8,P6ML0,P1YL1
ann-0302,B_longer,0.017576,0.012,229878.66,8,P6ML0,P1YL1
ann-0303,B_longer,0.022493,0.012,136353.12,8,P6ML0,P1YL1
ann-0304,B_longer,0.022572,0.012,202318.6,8,P6ML0,P1YL1
ann-0305,B_longer,0.025573,0.012,175177.3,8,P6ML0,P1YL1
ann-0306,B_longer,0.022468,0.012,83125.91,8,P6ML0,P1YL1
ann-0307,B_longer,0.029269,0.012,232629.0,8,P6ML0,P1YL1
ann-0308,B_longer,0.02427,0.012,195649.57,8,P6ML0,P1YL1
ann-0309,B_longer,0.022552,0.012,155318.46,8,P6ML0,P1YL1
ann-0310,B_longer,0.02307,0.012,77723.95,8,P6ML0,P1YL1
ann-0311,B_longer,0.029102,0.012,122217.95,8,P6ML0,P1YL1
ann-0312,B_longer,0.02984,0.012,200275.26,8,P6ML0,P1YL1
ann-0313,B_longer,0.02538,0.012,193695.39,8,P6ML0,P1YL1
ann-0314,B_longer,0.031355,0.012,111099.18,8,P6ML0,P1YL1
ann-0315,B_longer,0.028157,0.012,148472.3,8,P6ML0,P1YL1
ann-0316,B_longer,0.027494,0.012,69994.84,8,P6ML0,P1YL1
ann-0317,B_longer,0.025522,0.012,169502.71,8,P6ML0,P1YL1
ann-0318,B_longer,0.026245,0.012,227775.22,8,P6ML0,P1YL1
ann-0319,B_longer,0.025222,0.012,190784.72,8,P6ML0,P1YL1
ann-0320,B_longer,0.02604,0.012,212982.11,8,P6ML0,P1YL1
ann-0321,B_longer,0.030374,0.012,118488.63,8,P6ML0,P1YL1
ann-0322,B_longer,0.023768,0.012,217573.72,8,P6ML0,P1YL1
ann-0323,B_longer,0.02953,0.012,69046.17,8,P6ML0,P1YL1
ann-0324,B_longer,0.029151,0.012,129941.15,8,P6ML0,P1YL1
ann-0325,B_longer,0.021105,0.012,83719.52,8,P6ML0,P1YL1
ann-0326,B_longer,0.025122,0.012,96343.46,8,P6ML0,P1YL1
ann-0327,B_longer,0.026902,0.012,165986.55,8,P6ML0,P1YL1
ann-0328,B_longer,0.020968,0.012,92381.4,8,P6ML0,P1YL1
ann-0329,B_longer,0.024217,0.012,168723.72,8,P6ML0,P1YL1
ann-0330,B_longer,0.021506,0.012,231897.41,8,P6ML0,P1YL1
ann-0331,B_longer,0.02623,0.012,209488.54,8,P6ML0,P1YL1
ann-0332,B_longer,0.024957,0.012,221517.57,8,P6ML0,P1YL1
ann-0333,B_longer,0.023335,0.012,166050.75,8,P6ML0,P1YL1
ann-0334,B_longer,0.028562,0.012,233768.05,8,P6ML0,P1YL1
ann-0335,B_longer,0.018338,0.012,201712.11,8,P6ML0,P1YL1
ann-0336,B_longer,0.029845,0.012,80454.62,8,P6ML0,P1YL1
ann-0337,B_longer,0.025599,0.012,79035.65,8,P6ML0,P1YL1
ann-0338,B_longer,0.024639,0.012,182962.24,8,P6ML0,P1YL1
ann-0339,B_longer,0.028659,0.012,75995.77,8,P6ML0,P1YL1
ann-0340,B_longer,0.026373,0.012,142577.85,8,P6ML0,P1YL1
ann-0341,B_longer,0.029661,0.012,57093.93,8,P6ML0,P1YL1
ann-0342,B_longer,0.017654,0.012,62170.35,8,P6ML0,P1YL1
ann-0343,B_longer,0.025638,0.012,104718.05,8,P6ML0,P1YL1
ann-0344,B_longer,0.024003,0.012,73487.34,8,P6ML0,P1YL1
ann-0345,B_longer,0.025796,0.012,177502.6,8,P6ML0,P1YL1
ann-0346,B_longer,0.025513,0.012,198922.85,8,P6ML0,P1YL1
ann-0347,B_longer,0.022008,0.012,182603.24,8,P6ML0,P1YL1
ann-0348,B_longer,0.01787,0.012,127940.39,8,P6ML0,P1YL1
ann-0349,B_longer,0.017814,0.012,178320.67,8,P6ML0,P1YL1
ann-0350,B_longer,0.017245,0.012,98618.35,8,P6ML0,P1YL1
ann-0351,B_longer,0.033696,0.012,168099.1,8,P6ML0,P1YL1
ann-0352,B_longer,0.028455,0.012,119922.95,8,P6ML0,P1YL1
ann-0353,B_longer,0.020956,0.012,154434.35,8,P6ML0,P1YL1
ann-0354,B_longer,0.021848,0.012,62160.93,8,P6ML0,P1YL1
ann-0355,B_longer,0.022507,0.012,89873.67,8,P6ML0,P1YL1
ann-0356,B_longer,0.028289,0.012,226021.05,8,P6ML0,P1YL1
ann-0357,B_longer,0.019763,0.012,192709.29,8,P6ML0,P1YL1
ann-0358,B_longer,0.027705,0.012,198656.61,8,P6ML0,P1YL1
ann-0359,B_longer,0.023794,0.012,100316.14,8,P6ML0,P1YL1
ann-0360,B_longer,0.018428,0.012,245280.74,8,P6ML0,P1YL1
ann-0361,B_longer,0.030221,0.012,220913.76,8,P6ML0,P1YL1
ann-0362,B_longer,0.032282,0.012,220432.86,8,P6ML0,P1YL1
ann-0363,B_longer,0.026654,0.012,212611.16,8,P6ML0,P1YL1
ann-0364,B_longer,0.02557,0.012,143833.37,8,P6ML0,P1YL1
ann-0365,B_longer,0.01707,0.012,58023.59,8,P6ML0,P1YL1
ann-0366,B_longer,0.033417,0.012,156293.01,8,P6ML0,P1YL1
ann-0367,B_longer,0.023036,0.012,129037.65,8,P6ML0,P1YL1
ann-0368,B_longer,0.02573,0.012,191529.48,8,P6ML0,P1YL1
ann-0369,B_longer,0.02566,0.012,154901.91,8,P6ML0,P1YL1
ann-0370,B_longer,0.024398,0.012,68075.32,8,P6ML0,P1YL1
ann-0371,B_longer,0.025527,0.012,56838.66,8,P6ML0,P1YL1
ann-0372,B_longer,0.02339,0.012,126847.24,8,P6ML0,P1YL1
ann-0373,B_longer,0.024622,0.012,76000.98,8,P6ML0,P1YL1
ann-0374,B_longer,0.021553,0.012,208914.44,8,P6ML0,P1YL1
ann-0375,B_longer,0.027756,0.012,110748.89,8,P6ML0,P1YL1
ann-0376,B_longer,0.017625,0.012,134966.07,8,P6ML0,P1YL1
ann-0377,B_longer,0.025148,0.012,116021.43,8,P6ML0,P1YL1
ann-0378,B_longer,0.030103,0.012,117732.67,8,P6ML0,P1YL1
ann-0379,B_longer,0.027099,0.012,166828.06,8,P6ML0,P1YL1
ann-0380,B_longer,0.015214,0.012,70937.59,8,P6ML0,P1YL1
ann-0381,B_longer,0.022492,0.012,247606.11,8,P6ML0,P1YL1
ann-0382,B_longer,0.021428,0.012,193876.3,8,P6ML0,P1YL1
ann-0383,B_longer,0.028158,0.012,157123.8,8,P6ML0,P1YL1
ann-0384,B_longer,0.019644,0.012,229363.68,8,P6ML0,P1YL1
ann-0385,B_longer,0.026629,0.012,81406.38,8,P6ML0,P1YL1
ann-0386,B_longer,0.022107,0.012,124070.37,8,P6ML0,P1YL1
ann-0387,B_longer,0.023205,0.012,119075.86,8,P6ML0,P1YL1
ann-0388,B_longer,0.024761,0.012,164981.13,8,P6ML0,P1YL1
ann-0389,B_longer,0.032074,0.012,180223.41,8,P6ML0,P1YL1
ann-0390,B_longer,0.026987,0.012,112730.03,8,P6ML0,P1YL1
ann-0391,B_longer,0.023885,0.012,115057.74,8,P6ML0,P1YL1
ann-0392,B_longer,0.02856,0.012,199702.76,8,P6ML0,P1YL1
ann-0393,B_longer,0.020112,0.012,79751.3,8,P6ML0,P1YL1
ann-0394,B_longer,0.024968,0.012,232883.6,8,P6ML0,P1YL1
ann-0395,B_longer,0.023371,0.012,63769.23,8,P6ML0,P1YL1
ann-0396,B_longer,0.028169,0.012,245882.32,8,P6ML0,P1YL1
ann-0397,B_longer,0.016235,0.012,235523.45,8,P6ML0,P1YL1
ann-0398,B_longer,0.026124,0.012,243950.43,8,P6ML0,P1YL1
ann-0399,B_longer,0.028653,0.012,234457.86,8,P6ML0,P1YL1
ann-0400,B_longer,0.016649,0.012,210273.54,8,P6ML0,P1YL1
ann-0401,B_longer,0.028231,0.012,165120.8,8,P6ML0,P1YL1
ann-0402,B_longer,0.028646,0.012,248499.51,8,P6ML0,P1YL1
ann-0403,B_longer,0.026319,0.012,199329.81,8,P6ML0,P1YL1
ann-0404,B_longer,0.018909,0.012,122315.55,8,P6ML0,P1YL1
ann-0405,B_longer,0.030372,0.012,130514.92,8,P6ML0,P1YL1
ann-0406,B_longer,0.022963,0.012,142914.32,8,P6ML0,P1YL1
ann-0407,B_longer,0.02989,0.012,83559.51,8,P6ML0,P1YL1
ann-0408,B_longer,0.024375,0.012,79671.0,8,P6ML0,P1YL1
ann-0409,B_longer,0.023023,0.012,231361.25,8,P6ML0,P1YL1
ann-0410,B_longer,0.02025,0.012,86920.07,8,P6ML0,P1YL1
ann-0411,B_longer,0.019527,0.012,60021.01,8,P6ML0,P1YL1
ann-0412,B_longer,0.02842,0.012,69844.48,8,P6ML0,P1YL1
ann-0413,B_longer,0.021985,0.012,71387.52,8,P6ML0,P1YL1
ann-0414,B_longer,0.024109,0.012,102339.51,8,P6ML0,P1YL1
ann-0415,B_longer,0.021701,0.012,65699.35,8,P6ML0,P1YL1
ann-0416,B_longer,0.02139,0.012,64562.29,8,P6ML0,P1YL1
ann-0417,B_longer,0.028394,0.012,84673.45,8,P6ML0,P1YL1
ann-0418,B_longer,0.020367,0.012,222366.81,8,P6ML0,P1YL1
ann-0419,B_longer,0.028797,0.012,219525.95,8,P6ML0,P1YL1
ann-0420,B_longer,0.025525,0.012,192055.68,8,P6ML0,P1YL1
ann-0421,B_longer,0.023226,0.012,169615.6,8,P6ML0,P1YL1
ann-0422,B_longer,0.033238,0.012,223098.66,8,P6ML0,P1YL1
ann-0423,B_longer,0.028291,0.012,185120.07,8,P6ML0,P1YL1
ann-0424,B_longer,0.022373,0.012,158895.26,8,P6ML0,P1YL1
ann-0425,B_longer,0.031729,0.012,195163.7,8,P6ML0,P1YL1
ann-0426,B_longer,0.022565,0.012,212806.47,8,P6ML0,P1YL1
ann-0427,B_longer,0.02808,0.012,90272.73,8,P6ML0,P1YL1
ann-0428,B_longer,0.024964,0.012,199356.56,8,P6ML0,P1YL1
ann-0429,B_longer,0.025612,0.012,147415.16,8,P6ML0,P1YL1
ann-0430,B_longer,0.020232,0.012,130748.61,8,P6ML0,P1YL1
ann-0431,B_longer,0.030283,0.012,166919.52,8,P6ML0,P1YL1
ann-0432,B_longer,0.020205,0.012,58023.82,8,P6ML0,P1YL1
ann-0433,B_longer,0.02763,0.012,87952.11,8,P6ML0,P1YL1
ann-0434,B_longer,0.021435,0.012,109870.86,8,P6ML0,P1YL1
ann-0435,B_longer,0.024849,0.012,74008.93,8,P6ML0,P1YL1
ann-0436,B_longer,0.024608,0.012,110530.73,8,P6ML0,P1YL1
ann-0437,B_longer,0.030033,0.012,244158.35,8,P6ML0,P1YL1
ann-0438,B_longer,0.020684,0.012,158605.75,8,P6ML0,P1YL1
ann-0439,B_longer,0.020444,0.012,155125.44,8,P6ML0,P1YL1
ann-0440,B_longer,0.022787,0.012,158408.11,8,P6ML0,P1YL1
ann-0441,B_longer,0.029136,0.012,131660.15,8,P6ML0,P1YL1
ann-0442,B_longer,0.016001,0.012,175993.05,8,P6ML0,P1YL1
ann-0443,B_longer,0.023796,0.012,151263.47,8,P6ML0,P1YL1
ann-0444,B_longer,0.02817,0.012,167253.53,8,P6ML0,P1YL1
ann-0445,B_longer,0.014576,0.012,82594.25,8,P6ML0,P1YL1
ann-0446,B_longer,0.021613,0.012,177332.88,8,P6ML0,P1YL1
ann-0447,B_longer,0.031526,0.012,163181.7,8,P6ML0,P1YL1
ann-0448,B_longer,0.024776,0.012,123672.63,8,P6ML0,P1YL1
ann-0449,B_longer,0.017327,0.012,229066.09,8,P6ML0,P1YL1
ann-0450,B_longer,0.030418,0.012,183935.26,8,P6ML0,P1YL1
ann-0451,B_longer,0.032326,0.012,219268.71,8,P6ML0,P1YL1
ann-0452,B_longer,0.019589,0.012,126683.24,8,P6ML0,P1YL1
ann-0453,B_longer,0.018047,0.012,124526.61,8,P6ML0,P1YL1
ann-0454,B_longer,0.026583,0.012,199872.76,8,P6ML0,P1YL1
ann-0455,B_longer,0.021401,0.012,141229.66,8,P6ML0,P1YL1
ann-0456,B_longer,0.025422,0.012,73301.89,8,P6ML0,P1YL1
ann-0457,B_longer,0.022471,0.012,53632.72,8,P6ML0,P1YL1
ann-0458,B_longer,0.028282,0.012,84414.79,8,P6ML0,P1YL1
ann-0459,B_longer,0.024492,0.012,167915.43,8,P6ML0,P1YL1
ann-0460,B_longer,0.032885,0.012,107428.98,8,P6ML0,P1YL1
ann-0461,B_longer,0.028089,0.012,152757.67,8,P6ML0,P1YL1
ann-0462,B_longer,0.024956,0.012,197903.96,8,P6ML0,P1YL1
ann-0463,B_longer,0.023463,0.012,205399.54,8,P6ML0,P1YL1
ann-0464,B_longer,0.021022,0.012,147158.82,8,P6ML0,P1YL1
ann-0465,B_longer,0.023999,0.012,244298.94,8,P6ML0,P1YL1
ann-0466,B_longer,0.020458,0.012,193235.99,8,P6ML0,P1YL1
ann-0467,B_longer,0.026769,0.012,243302.96,8,P6ML0,P1YL1
ann-0468,B_longer,0.026144,0.012,95845.68,8,P6ML0,P1YL1
ann-0469,B_longer,0.028016,0.012,145957.41,8,P6ML0,P1YL1
ann-0470,B_longer,0.0255,0.012,240433.71,8,P6ML0,P1YL1
ann-0471,B_longer,0.019832,0.012,216872.5,8,P6ML0,P1YL1
ann-0472,B_longer,0.028798,0.012,67832.4,8,P6ML0,P1YL1
ann-0473,B_longer,0.014908,0.012,159919.19,8,P6ML0,P1YL1
ann-0474,B_longer,0.016447,0.012,156897.24,8,P6ML0,P1YL1
ann-0475,B_longer,0.019481,0.012,243919.85,8,P6ML0,P1YL1
ann-0476,B_longer,0.032937,0.012,70633.97,8,P6ML0,P1YL1
ann-0477,B_longer,0.021055,0.012,184329.23,8,P6ML0,P1YL1
ann-0478,B_longer,0.02364,0.012,73729.33,8,P6ML0,P1YL1
ann-0479,B_longer,0.024689,0.012,145942.59,8,P6ML0,P1YL1
ann-0480,B_longer,0.028219,0.012,208656.57,8,P6ML0,P1YL1
ann-0481,B_longer,0.029407,0.012,185361.37,8,P6ML0,P1YL1
ann-0482,B_longer,0.019524,0.012,67438.55,8,P6ML0,P1YL1
ann-0483,B_longer,0.020425,0.012,108849.56,8,P6ML0,P1YL1
ann-0484,B_longer,0.028798,0.012,151563.68,8,P6ML0,P1YL1
ann-0485,B_longer,0.026645,0.012,220775.33,8,P6ML0,P1YL1
ann-0486,B_longer,0.023884,0.012,71165.93,8,P6ML0,P1YL1
ann-0487,B_longer,0.018435,0.012,90240.01,8,P6ML0,P1YL1
ann-0488,B_longer,0.030688,0.012,154148.53,8,P6ML0,P1YL1
ann-0489,B_longer,0.017754,0.012,248412.94,8,P6ML0,P1YL1
ann-0490,B_longer,0.029187,0.012,107718.51,8,P6ML0,P1YL1
ann-0491,B_longer,0.016517,0.012,158959.14,8,P6ML0,P1YL1
ann-0492,B_longer,0.025401,0.012,92924.99,8,P6ML0,P1YL1
ann-0493,B_longer,0.02522,0.012,147194.87,8,P6ML0,P1YL1
ann-0494,B_longer,0.02138,0.012,51712.38,8,P6ML0,P1YL1
ann-0495,B_longer,0.03084,0.012,235162.57,8,P6ML0,P1YL1
ann-0496,B_longer,0.024595,0.012,243737.06,8,P6ML0,P1YL1
ann-0497,B_longer,0.024452,0.012,138050.25,8,P6ML0,P1YL1
ann-0498,B_longer,0.029958,0.012,201971.04,8,P6ML0,P1YL1
ann-0499,B_longer,0.02658,0.012,104912.93,8,P6ML0,P1YL1
ann-0500,B_longer,0.02259,0.012,191252.31,8,P6ML0,P1YL1
ann-0501,C_high_fee,0.016653,0.015,89062.12,6,P3ML0,P6ML1
ann-0502,C_high_fee,0.018835,0.015,162169.86,6,P3ML0,P6ML1
ann-0503,C_high_fee,0.011798,0.015,156555.99,6,P3ML0,P6ML1
ann-0504,C_high_fee,0.013583,0.015,171796.15,6,P3ML0,P6ML1
ann-0505,C_high_fee,0.01984,0.015,105958.26,6,P3ML0,P6ML1
ann-0506,C_high_fee,0.020495,0.015,189084.57,6,P3ML0,P6ML1
ann-0507,C_high_fee,0.017777,0.015,123536.88,6,P3ML0,P6ML1
ann-0508,C_high_fee,0.020072,0.015,144109.81,6,P3ML0,P6ML1
ann-0509,C_high_fee,0.015842,0.015,86240.73,6,P3ML0,P6ML1
ann-0510,C_high_fee,0.021478,0.015,225982.06,6,P3ML0,P6ML1
ann-0511,C_high_fee,0.016725,0.015,61632.46,6,P3ML0,P6ML1
ann-0512,C_high_fee,0.014515,0.015,115201.33,6,P3ML0,P6ML1
ann-0513,C_high_fee,0.016413,0.015,212390.84,6,P3ML0,P6ML1
ann-0514,C_high_fee,0.013984,0.015,228301.71,6,P3ML0,P6ML1
ann-0515,C_high_fee,0.016602,0.015,116008.32,6,P3ML0,P6ML1
ann-0516,C_high_fee,0.021209,0.015,75584.45,6,P3ML0,P6ML1
ann-0517,C_high_fee,0.019471,0.015,67605.75,6,P3ML0,P6ML1
ann-0518,C_high_fee,0.019781,0.015,157765.11,6,P3ML0,P6ML1
ann-0519,C_high_fee,0.016875,0.015,186953.35,6,P3ML0,P6ML1
ann-0520,C_high_fee,0.014307,0.015,95249.6,6,P3ML0,P6ML1
ann-0521,C_high_fee,0.019214,0.015,226857.12,6,P3ML0,P6ML1
ann-0522,C_high_fee,0.02169,0.015,134452.91,6,P3ML0,P6ML1
ann-0523,C_high_fee,0.018604,0.015,111060.92,6,P3ML0,P6ML1
ann-0524,C_high_fee,0.018016,0.015,173074.85,6,P3ML0,P6ML1
ann-0525,C_high_fee,0.019844,0.015,186138.11,6,P3ML0,P6ML1
ann-0526,C_high_fee,0.019084,0.015,246998.39,6,P3ML0,P6ML1
ann-0527,C_high_fee,0.015797,0.015,153685.97,6,P3ML0,P6ML1
ann-0528,C_high_fee,0.02142,0.015,54624.96,6,P3ML0,P6ML1
ann-0529,C_high_fee,0.017209,0.015,100164.34,6,P3ML0,P6ML1
ann-0530,C_high_fee,0.019442,0.015,203996.2,6,P3ML0,P6ML1
ann-0531,C_high_fee,0.017636,0.015,65475.02,6,P3ML0,P6ML1
ann-0532,C_high_fee,0.017212,0.015,194985.84,6,P3ML0,P6ML1
ann-0533,C_high_fee,0.020088,0.015,103867.53,6,P3ML0,P6ML1
ann-0534,C_high_fee,0.019582,0.015,59953.3,6,P3ML0,P6ML1
ann-0535,C_high_fee,0.01961,0.015,129865.45,6,P3ML0,P6ML1
ann-0536,C_high_fee,0.018319,0.015,236741.15,6,P3ML0,P6ML1
ann-0537,C_high_fee,0.016559,0.015,185928.84,6,P3ML0,P6ML1
ann-0538,C_high_fee,0.016294,0.015,104726.64,6,P3ML0,P6ML1
ann-0539,C_high_fee,0.015368,0.015,239734.18,6,P3ML0,P6ML1
ann-0540,C_high_fee,0.017747,0.015,120472.5,6,P3ML0,P6ML1
ann-0541,C_high_fee,0.019418,0.015,218665.12,6,P3ML0,P6ML1
ann-0542,C_high_fee,0.013946,0.015,171232.07,6,P3ML0,P6ML1
ann-0543,C_high_fee,0.020099,0.015,185800.54,6,P3ML0,P6ML1
ann-0544,C_high_fee,0.015776,0.015,174127.43,6,P3ML0,P6ML1
ann-0545,C_high_fee,0.014191,0.015,157152.4,6,P3ML0,P6ML1
ann-0546,C_high_fee,0.017329,0.015,128754.14,6,P3ML0,P6ML1
ann-0547,C_high_fee,0.021409,0.015,159824.61,6,P3ML0,P6ML1
ann-0548,C_high_fee,0.015468,0.015,60787.81,6,P3ML0,P6ML1
ann-0549,C_high_fee,0.016141,0.015,93004.64,6,P3ML0,P6ML1
ann-0550,C_high_fee,0.0179,0.015,136922.45,6,P3ML0,P6ML1
ann-0551,C_high_fee,0.015817,0.015,104186.88,6,P3ML0,P6ML1
ann-0552,C_high_fee,0.017351,0.015,156029.27,6,P3ML0,P6ML1
ann-0553,C_high_fee,0.014994,0.015,70750.7,6,P3ML0,P6ML1
ann-0554,C_high_fee,0.01851,0.015,124695.53,6,P3ML0,P6ML1
ann-0555,C_high_fee,0.015875,0.015,158950.54,6,P3ML0,P6ML1
ann-0556,C_high_fee,0.014897,0.015,218763.62,6,P3ML0,P6ML1
ann-0557,C_high_fee,0.017235,0.015,56082.73,6,P3ML0,P6ML1
ann-0558,C_high_fee,0.013507,0.015,111625.59,6,P3ML0,P6ML1
ann-0559,C_high_fee,0.017281,0.015,232694.61,6,P3ML0,P6ML1
ann-0560,C_high_fee,0.016409,0.015,78385.31,6,P3ML0,P6ML1
ann-0561,C_high_fee,0.019519,0.015,218317.95,6,P3ML0,P6ML1
ann-0562,C_high_fee,0.016558,0.015,219645.94,6,P3ML0,P6ML1
ann-0563,C_high_fee,0.014785,0.015,81953.56,6,P3ML0,P6ML1
ann-0564,C_high_fee,0.0234,0.015,219821.9,6,P3ML0,P6ML1
ann-0565,C_high_fee,0.015622,0.015,73571.96,6,P3ML0,P6ML1
ann-0566,C_high_fee,0.020185,0.015,170201.05,6,P3ML0,P6ML1
ann-0567,C_high_fee,0.017449,0.015,209877.59,6,P3ML0,P6ML1
ann-0568,C_high_fee,0.022414,0.015,170736.8,6,P3ML0,P6ML1
ann-0569,C_high_fee,0.025392,0.015,233936.23,6,P3ML0,P6ML1
ann-0570,C_high_fee,0.01838,0.015,178587.06,6,P3ML0,P6ML1
ann-0571,C_high_fee,0.015198,0.015,226562.41,6,P3ML0,P6ML1
ann-0572,C_high_fee,0.020647,0.015,141905.76,6,P3ML0,P6ML1
ann-0573,C_high_fee,0.01874,0.015,134455.85,6,P3ML0,P6ML1
ann-0574,C_high_fee,0.014015,0.015,236705.31,6,P3ML0,P6ML1
ann-0575,C_high_fee,0.014566,0.015,60654.86,6,P3ML0,P6ML1
ann-0576,C_high_fee,0.020227,0.015,144152.77,6,P3ML0,P6ML1
ann-0577,C_high_fee,0.022553,0.015,50118.05,6,P3ML0,P6ML1
ann-0578,C_high_fee,0.019091,0.015,58413.11,6,P3ML0,P6ML1
ann-0579,C_high_fee,0.01926,0.015,151615.67,6,P3ML0,P6ML1
ann-0580,C_high_fee,0.019057,0.015,121257.68,6,P3ML0,P6ML1
ann-0581,C_high_fee,0.016873,0.015,231799.98,6,P3ML0,P6ML1
ann-0582,C_high_fee,0.026529,0.015,180972.47,6,P3ML0,P6ML1
ann-0583,C_high_fee,0.019785,0.015,99034.69,6,P3ML0,P6ML1
ann-0584,C_high_fee,0.012742,0.015,211657.21,6,P3ML0,P6ML1
ann-0585,C_high_fee,0.018247,0.015,121543.4,6,P3ML0,P6ML1
ann-0586,C_high_fee,0.021849,0.015,81731.84,6,P3ML0,P6ML1
ann-0587,C_high_fee,0.019122,0.015,112739.71,6,P3ML0,P6ML1
ann-0588,C_high_fee,0.011412,0.015,225952.51,6,P3ML0,P6ML1
ann-0589,C_high_fee,0.015503,0.015,249157.92,6,P3ML0,P6ML1
ann-0590,C_high_fee,0.021613,0.015,204414.15,6,P3ML0,P6ML1
ann-0591,C_high_fee,0.021011,0.015,125260.65,6,P3ML0,P6ML1
ann-0592,C_high_fee,0.019098,0.015,108786.36,6,P3ML0,P6ML1
ann-0593,C_high_fee,0.019306,0.015,189848.06,6,P3ML0,P6ML1
ann-0594,C_high_fee,0.01504,0.015,176986.23,6,P3ML0,P6ML1
ann-0595,C_high_fee,0.016988,0.015,184607.05,6,P3ML0,P6ML1
ann-0596,C_high_fee,0.017879,0.015,228276.62,6,P3ML0,P6ML1
ann-0597,C_high_fee,0.020021,0.015,147487.87,6,P3ML0,P6ML1
ann-0598,C_high_fee,0.0218,0.015,118196.92,6,P3ML0,P6ML1
ann-0599,C_high_fee,0.015993,0.015,54332.94,6,P3ML0,P6ML1
ann-0600,C_high_fee,0.010093,0.015,229461.15,6,P3ML0,P6ML1
ann-0601,C_high_fee,0.013778,0.015,84942.28,6,P3ML0,P6ML1
ann-0602,C_high_fee,0.021806,0.015,193318.32,6,P3ML0,P6ML1
ann-0603,C_high_fee,0.020198,0.015,243981.74,6,P3ML0,P6ML1
ann-0604,C_high_fee,0.01959,0.015,181323.1,6,P3ML0,P6ML1
ann-0605,C_high_fee,0.018718,0.015,144233.39,6,P3ML0,P6ML1
ann-0606,C_high_fee,0.014741,0.015,148525.03,6,P3ML0,P6ML1
ann-0607,C_high_fee,0.018697,0.015,88753.62,6,P3ML0,P6ML1
ann-0608,C_high_fee,0.013242,0.015,138120.88,6,P3ML0,P6ML1
ann-0609,C_high_fee,0.01423,0.015,235354.19,6,P3ML0,P6ML1
ann-0610,C_high_fee,0.016981,0.015,217949.44,6,P3ML0,P6ML1
ann-0611,C_high_fee,0.019715,0.015,71794.5,6,P3ML0,P6ML1
ann-0612,C_high_fee,0.020356,0.015,55244.76,6,P3ML0,P6ML1
ann-0613,C_high_fee,0.019702,0.015,203215.44,6,P3ML0,P6ML1
ann-0614,C_high_fee,0.018861,0.015,183444.28,6,P3ML0,P6ML1
ann-0615,C_high_fee,0.018733,0.015,81102.2,6,P3ML0,P6ML1
ann-0616,C_high_fee,0.015636,0.015,244420.05,6,P3ML0,P6ML1
ann-0617,C_high_fee,0.02134,0.015,53757.41,6,P3ML0,P6ML1
ann-0618,C_high_fee,0.011547,0.015,129309.5,6,P3ML0,P6ML1
ann-0619,C_high_fee,0.014734,0.015,232530.12,6,P3ML0,P6ML1
ann-0620,C_high_fee,0.014351,0.015,157546.36,6,P3ML0,P6ML1
ann-0621,C_high_fee,0.01776,0.015,210772.65,6,P3ML0,P6ML1
ann-0622,C_high_fee,0.018196,0.015,246431.59,6,P3ML0,P6ML1
ann-0623,C_high_fee,0.021691,0.015,118495.09,6,P3ML0,P6ML1
ann-0624,C_high_fee,0.015567,0.015,97830.05,6,P3ML0,P6ML1
ann-0625,C_high_fee,0.019099,0.015,242065.22,6,P3ML0,P6ML1
ann-0626,C_high_fee,0.011064,0.015,85121.48,6,P3ML0,P6ML1
ann-0627,C_high_fee,0.014906,0.015,135485.04,6,P3ML0,P6ML1
ann-0628,C_high_fee,0.016161,0.015,208880.14,6,P3ML0,P6ML1
ann-0629,C_high_fee,0.022431,0.015,190061.17,6,P3ML0,P6ML1
ann-0630,C_high_fee,0.016108,0.015,188122.9,6,P3ML0,P6ML1
ann-0631,C_high_fee,0.01588,0.015,99583.14,6,P3ML0,P6ML1
ann-0632,C_high_fee,0.014941,0.015,205895.4,6,P3ML0,P6ML1
ann-0633,C_high_fee,0.021159,0.015,127397.46,6,P3ML0,P6ML1
ann-0634,C_high_fee,0.020933,0.015,161992.51,6,P3ML0,P6ML1
ann-0635,C_high_fee,0.01584,0.015,245618.82,6,P3ML0,P6ML1
ann-0636,C_high_fee,0.015341,0.015,97838.61,6,P3ML0,P6ML1
ann-0637,C_high_fee,0.025456,0.015,112401.54,6,P3ML0,P6ML1
ann-0638,C_high_fee,0.018571,0.015,105614.52,6,P3ML0,P6ML1
ann-0639,C_high_fee,0.014521,0.015,247222.91,6,P3ML0,P6ML1
ann-0640,C_high_fee,0.020041,0.015,191504.94,6,P3ML0,P6ML1
ann-0641,C_high_fee,0.016455,0.015,139737.1,6,P3ML0,P6ML1
ann-0642,C_high_fee,0.021374,0.015,150317.42,6,P3ML0,P6ML1
ann-0643,C_high_fee,0.016421,0.015,129096.81,6,P3ML0,P6ML1
ann-0644,C_high_fee,0.018899,0.015,127817.82,6,P3ML0,P6ML1
ann-0645,C_high_fee,0.019685,0.015,121998.18,6,P3ML0,P6ML1
ann-0646,C_high_fee,0.023265,0.015,80297.28,6,P3ML0,P6ML1
ann-0647,C_high_fee,0.012712,0.015,206112.21,6,P3ML0,P6ML1
ann-0648,C_high_fee,0.015638,0.015,174408.05,6,P3ML0,P6ML1
ann-0649,C_high_fee,0.017677,0.015,78542.29,6,P3ML0,P6ML1
ann-0650,C_high_fee,0.015304,0.015,101001.93,6,P3ML0,P6ML1
ann-0651,C_high_fee,0.016581,0.015,143552.28,6,P3ML0,P6ML1
ann-0652,C_high_fee,0.019969,0.015,79806.47,6,P3ML0,P6ML1
ann-0653,C_high_fee,0.019565,0.015,89300.74,6,P3ML0,P6ML1
ann-0654,C_high_fee,0.019672,0.015,210340.13,6,P3ML0,P6ML1
ann-0655,C_high_fee,0.01606,0.015,135843.42,6,P3ML0,P6ML1
ann-0656,C_high_fee,0.017534,0.015,224383.11,6,P3ML0,P6ML1
ann-0657,C_high_fee,0.014632,0.015,128263.61,6,P3ML0,P6ML1
ann-0658,C_high_fee,0.016214,0.015,89167.49,6,P3ML0,P6ML1
ann-0659,C_high_fee,0.017152,0.015,207237.99,6,P3ML0,P6ML1
ann-0660,C_high_fee,0.017148,0.015,61504.97,6,P3ML0,P6ML1
ann-0661,C_high_fee,0.017932,0.015,186482.29,6,P3ML0,P6ML1
ann-0662,C_high_fee,0.015054,0.015,168201.08,6,P3ML0,P6ML1
ann-0663,C_high_fee,0.020568,0.015,64833.51,6,P3ML0,P6ML1
ann-0664,C_high_fee,0.020706,0.015,98243.66,6,P3ML0,P6ML1
ann-0665,C_high_fee,0.016189,0.015,182351.87,6,P3ML0,P6ML1
ann-0666,C_high_fee,0.019666,0.015,247366.94,6,P3ML0,P6ML1
ann-0667,C_high_fee,0.014436,0.015,95019.87,6,P3ML0,P6ML1
ann-0668,C_high_fee,0.022486,0.015,191866.18,6,P3ML0,P6ML1
ann-0669,C_high_fee,0.01586,0.015,67716.67,6,P3ML0,P6ML1
ann-0670,C_high_fee,0.021036,0.015,215470.64,6,P3ML0,P6ML1
ann-0671,C_high_fee,0.018856,0.015,108059.16,6,P3ML0,P6ML1
ann-0672,C_high_fee,0.021236,0.015,212040.59,6,P3ML0,P6ML1
ann-0673,C_high_fee,0.014536,0.015,200949.71,6,P3ML0,P6ML1
ann-0674,C_high_fee,0.015722,0.015,100979.31,6,P3ML0,P6ML1
ann-0675,C_high_fee,0.023261,0.015,113121.03,6,P3ML0,P6ML1
ann-0676,C_high_fee,0.020016,0.015,212454.23,6,P3ML0,P6ML1
ann-0677,C_high_fee,0.02207,0.015,70658.4,6,P3ML0,P6ML1
ann-0678,C_high_fee,0.016863,0.015,220797.43,6,P3ML0,P6ML1
ann-0679,C_high_fee,0.016493,0.015,91574.41,6,P3ML0,P6ML1
ann-0680,C_high_fee,0.016324,0.015,151544.26,6,P3ML0,P6ML1
ann-0681,C_high_fee,0.022712,0.015,191572.44,6,P3ML0,P6ML1
ann-0682,C_high_fee,0.022513,0.015,213856.44,6,P3ML0,P6ML1
ann-0683,C_high_fee,0.012935,0.015,76790.95,6,P3ML0,P6ML1
ann-0684,C_high_fee,0.022532,0.015,193250.01,6,P3ML0,P6ML1
ann-0685,C_high_fee,0.017993,0.015,74178.29,6,P3ML0,P6ML1
ann-0686,C_high_fee,0.018256,0.015,90308.81,6,P3ML0,P6ML1
ann-0687,C_high_fee,0.018245,0.015,146406.13,6,P3ML0,P6ML1
ann-0688,C_high_fee,0.015087,0.015,172716.37,6,P3ML0,P6ML1
ann-0689,C_high_fee,0.017526,0.015,184314.39,6,P3ML0,P6ML1
ann-0690,C_high_fee,0.022253,0.015,234273.83,6,P3ML0,P6ML1
ann-0691,C_high_fee,0.012102,0.015,243550.34,6,P3ML0,P6ML1
ann-0692,C_high_fee,0.017894,0.015,203779.08,6,P3ML0,P6ML1
ann-0693,C_high_fee,0.015897,0.015,69546.38,6,P3ML0,P6ML1
ann-0694,C_high_fee,0.019136,0.015,216205.36,6,P3ML0,P6ML1
ann-0695,C_high_fee,0.020637,0.015,140786.14,6,P3ML0,P6ML1
ann-0696,C_high_fee,0.020794,0.015,58969.28,6,P3ML0,P6ML1
ann-0697,C_high_fee,0.01924,0.015,157731.92,6,P3ML0,P6ML1
ann-0698,C_high_fee,0.023442,0.015,234878.92,6,P3ML0,P6ML1
ann-0699,C_high_fee,0.019116,0.015,185623.36,6,P3ML0,P6ML1
ann-0700,C_high_fee,0.017271,0.015,58531.64,6,P3ML0,P6ML1
ann-0701,C_high_fee,0.015136,0.015,241374.55,6,P3ML0,P6ML1
ann-0702,C_high_fee,0.019513,0.015,169063.5,6,P3ML0,P6ML1
ann-0703,C_high_fee,0.019319,0.015,154365.78,6,P3ML0,P6ML1
ann-0704,C_high_fee,0.021331,0.015,89414.92,6,P3ML0,P6ML1
ann-0705,C_high_fee,0.014089,0.015,246294.19,6,P3ML0,P6ML1
ann-0706,C_high_fee,0.022743,0.015,205373.26,6,P3ML0,P6ML1
ann-0707,C_high_fee,0.023994,0.015,141691.89,6,P3ML0,P6ML1
ann-0708,C_high_fee,0.020571,0.015,216811.21,6,P3ML0,P6ML1
ann-0709,C_high_fee,0.018753,0.015,231332.46,6,P3ML0,P6ML1
ann-0710,C_high_fee,0.01952,0.015,107104.69,6,P3ML0,P6ML1
ann-0711,C_high_fee,0.021409,0.015,248113.69,6,P3ML0,P6ML1
ann-0712,C_high_fee,0.018945,0.015,217099.61,6,P3ML0,P6ML1
ann-0713,C_high_fee,0.010478,0.015,209334.04,6,P3ML0,P6ML1
ann-0714,C_high_fee,0.023737,0.015,218413.17,6,P3ML0,P6ML1
ann-0715,C_high_fee,0.016175,0.015,231141.95,6,P3ML0,P6ML1
ann-0716,C_high_fee,0.015613,0.015,144125.84,6,P3ML0,P6ML1
ann-0717,C_high_fee,0.021487,0.015,231971.49,6,P3ML0,P6ML1
ann-0718,C_high_fee,0.016482,0.015,145431.28,6,P3ML0,P6ML1
ann-0719,C_high_fee,0.014416,0.015,113462.09,6,P3ML0,P6ML1
ann-0720,C_high_fee,0.019775,0.015,79879.52,6,P3ML0,P6ML1
ann-0721,C_high_fee,0.013045,0.015,105555.25,6,P3ML0,P6ML1
ann-0722,C_high_fee,0.014884,0.015,223004.28,6,P3ML0,P6ML1
ann-0723,C_high_fee,0.019199,0.015,133026.04,6,P3ML0,P6ML1
ann-0724,C_high_fee,0.012954,0.015,249751.3,6,P3ML0,P6ML1
ann-0725,C_high_fee,0.018998,0.015,72701.99,6,P3ML0,P6ML1
ann-0726,C_high_fee,0.014201,0.015,164763.1,6,P3ML0,P6ML1
ann-0727,C_high_fee,0.024443,0.015,117339.45,6,P3ML0,P6ML1
ann-0728,C_high_fee,0.018584,0.015,123668.97,6,P3ML0,P6ML1
ann-0729,C_high_fee,0.013943,0.015,166545.41,6,P3ML0,P6ML1
ann-0730,C_high_fee,0.016657,0.015,146985.04,6,P3ML0,P6ML1
ann-0731,C_high_fee,0.014137,0.015,139241.88,6,P3ML0,P6ML1
ann-0732,C_high_fee,0.013654,0.015,150015.88,6,P3ML0,P6ML1
ann-0733,C_high_fee,0.018092,0.015,82142.1,6,P3ML0,P6ML1
ann-0734,C_high_fee,0.01777,0.015,115005.99,6,P3ML0,P6ML1
ann-0735,C_high_fee,0.019434,0.015,79643.24,6,P3ML0,P6ML1
ann-0736,C_high_fee,0.02422,0.015,71577.35,6,P3ML0,P6ML1
ann-0737,C_high_fee,0.016534,0.015,214296.17,6,P3ML0,P6ML1
ann-0738,C_high_fee,0.021262,0.015,249130.22,6,P3ML0,P6ML1
ann-0739,C_high_fee,0.020455,0.015,57520.38,6,P3ML0,P6ML1
ann-0740,C_high_fee,0.014703,0.015,62692.9,6,P3ML0,P6ML1
ann-0741,C_high_fee,0.014216,0.015,103102.48,6,P3ML0,P6ML1
ann-0742,C_high_fee,0.013933,0.015,243843.8,6,P3ML0,P6ML1
ann-0743,C_high_fee,0.014277,0.015,173724.38,6,P3ML0,P6ML1
ann-0744,C_high_fee,0.01678,0.015,64982.84,6,P3ML0,P6ML1
ann-0745,C_high_fee,0.021376,0.015,103459.04,6,P3ML0,P6ML1
ann-0746,C_high_fee,0.024176,0.015,66658.61,6,P3ML0,P6ML1
ann-0747,C_high_fee,0.017023,0.015,102561.71,6,P3ML0,P6ML1
ann-0748,C_high_fee,0.022728,0.015,92116.33,6,P3ML0,P6ML1
ann-0749,C_high_fee,0.017418,0.015,197509.82,6,P3ML0,P6ML1
ann-0750,C_high_fee,0.021383,0.015,110264.59,6,P3ML0,P6ML1
ann-0751,D_short,0.025824,0.008,214403.27,3,P3ML0,P1YL1
ann-0752,D_short,0.018104,0.008,65025.09,3,P3ML0,P1YL1
ann-0753,D_short,0.020176,0.008,221876.88,3,P3ML0,P1YL1
ann-0754,D_short,0.026181,0.008,76650.66,3,P3ML0,P1YL1
ann-0755,D_short,0.020221,0.008,199493.93,3,P3ML0,P1YL1
ann-0756,D_short,0.022676,0.008,55741.93,3,P3ML0,P1YL1
ann-0757,D_short,0.020669,0.008,227374.03,3,P3ML0,P1YL1
ann-0758,D_short,0.025051,0.008,58125.27,3,P3ML0,P1YL1
ann-0759,D_short,0.019491,0.008,224583.37,3,P3ML0,P1YL1
ann-0760,D_short,0.020444,0.008,134915.89,3,P3ML0,P1YL1
ann-0761,D_short,0.023307,0.008,72952.52,3,P3ML0,P1YL1
ann-0762,D_short,0.021776,0.008,76009.1,3,P3ML0,P1YL1
ann-0763,D_short,0.021126,0.008,103319.36,3,P3ML0,P1YL1
ann-0764,D_short,0.02147,0.008,89260.33,3,P3ML0,P1YL1
ann-0765,D_short,0.026817,0.008,116985.08,3,P3ML0,P1YL1
ann-0766,D_short,0.023744,0.008,242803.15,3,P3ML0,P1YL1
ann-0767,D_short,0.021764,0.008,236509.34,3,P3ML0,P1YL1
ann-0768,D_short,0.020611,0.008,51870.4,3,P3ML0,P1YL1
ann-0769,D_short,0.022509,0.008,100662.67,3,P3ML0,P1YL1
ann-0770,D_short,0.021941,0.008,160391.44,3,P3ML0,P1YL1
ann-0771,D_short,0.025397,0.008,66930.84,3,P3ML0,P1YL1
ann-0772,D_short,0.022196,0.008,213417.27,3,P3ML0,P1YL1
ann-0773,D_short,0.024392,0.008,91887.39,3,P3ML0,P1YL1
ann-0774,D_short,0.022536,0.008,107752.81,3,P3ML0,P1YL1
ann-0775,D_short,0.020076,0.008,128396.01,3,P3ML0,P1YL1
ann-0776,D_short,0.022115,0.008,180686.1,3,P3ML0,P1YL1
ann-0777,D_short,0.022427,0.008,186878.8,3,P3ML0,P1YL1
ann-0778,D_short,0.023192,0.008,109392.57,3,P3ML0,P1YL1
ann-0779,D_short,0.023924,0.008,144804.22,3,P3ML0,P1YL1
ann-0780,D_short,0.021138,0.008,54634.05,3,P3ML0,P1YL1
ann-0781,D_short,0.022933,0.008,175125.62,3,P3ML0,P1YL1
ann-0782,D_short,0.022122,0.008,182908.68,3,P3ML0,P1YL1
ann-0783,D_short,0.024033,0.008,191534.11,3,P3ML0,P1YL1
ann-0784,D_short,0.02137,0.008,118720.43,3,P3ML0,P1YL1
ann-0785,D_short,0.023866,0.008,190324.87,3,P3ML0,P1YL1
ann-0786,D_short,0.022937,0.008,210844.76,3,P3ML0,P1YL1
ann-0787,D_short,0.025608,0.008,162722.88,3,P3ML0,P1YL1
ann-0788,D_short,0.020877,0.008,160073.2,3,P3ML0,P1YL1
ann-0789,D_short,0.019721,0.008,186098.31,3,P3ML0,P1YL1
ann-0790,D_short,0.021984,0.008,165141.26,3,P3ML0,P1YL1
ann-0791,D_short,0.023364,0.008,144234.98,3,P3ML0,P1YL1
ann-0792,D_short,0.02029,0.008,216415.86,3,P3ML0,P1YL1
ann-0793,D_short,0.020902,0.008,162689.3,3,P3ML0,P1YL1
ann-0794,D_short,0.019823,0.008,211140.81,3,P3ML0,P1YL1
ann-0795,D_short,0.02079,0.008,112048.64,3,P3ML0,P1YL1
ann-0796,D_short,0.021032,0.008,170920.99,3,P3ML0,P1YL1
ann-0797,D_short,0.024121,0.008,228381.37,3,P3ML0,P1YL1
ann-0798,D_short,0.022628,0.008,96428.76,3,P3ML0,P1YL1
ann-0799,D_short,0.019088,0.008,235100.76,3,P3ML0,P1YL1
ann-0800,D_short,0.023066,0.008,189254.64,3,P3ML0,P1YL1
ann-0801,D_short,0.020615,0.008,137471.86,3,P3ML0,P1YL1
ann-0802,D_short,0.020601,0.008,178389.39,3,P3ML0,P1YL1
ann-0803,D_short,0.019828,0.008,51638.12,3,P3ML0,P1YL1
ann-0804,D_short,0.024752,0.008,200283.52,3,P3ML0,P1YL1
ann-0805,D_short,0.021915,0.008,52992.16,3,P3ML0,P1YL1
ann-0806,D_short,0.020291,0.008,117631.75,3,P3ML0,P1YL1
ann-0807,D_short,0.019021,0.008,224073.24,3,P3ML0,P1YL1
ann-0808,D_short,0.020131,0.008,91712.63,3,P3ML0,P1YL1
ann-0809,D_short,0.02288,0.008,247809.66,3,P3ML0,P1YL1
ann-0810,D_short,0.022497,0.008,179087.34,3,P3ML0,P1YL1
ann-0811,D_short,0.02412,0.008,241895.57,3,P3ML0,P1YL1
ann-0812,D_short,0.024212,0.008,171487.41,3,P3ML0,P1YL1
ann-0813,D_short,0.02256,0.008,190110.68,3,P3ML0,P1YL1
ann-0814,D_short,0.027092,0.008,86596.85,3,P3ML0,P1YL1
ann-0815,D_short,0.022241,0.008,164808.6,3,P3ML0,P1YL1
ann-0816,D_short,0.019643,0.008,123157.45,3,P3ML0,P1YL1
ann-0817,D_short,0.021433,0.008,155280.45,3,P3ML0,P1YL1
ann-0818,D_short,0.024011,0.008,142288.6,3,P3ML0,P1YL1
ann-0819,D_short,0.022524,0.008,89797.86,3,P3ML0,P1YL1
ann-0820,D_short,0.021415,0.008,237501.04,3,P3ML0,P1YL1
ann-0821,D_short,0.01984,0.008,175949.99,3,P3ML0,P1YL1
ann-0822,D_short,0.020261,0.008,98699.03,3,P3ML0,P1YL1
ann-0823,D_short,0.020916,0.008,80396.65,3,P3ML0,P1YL1
ann-0824,D_short,0.022844,0.008,247902.45,3,P3ML0,P1YL1
ann-0825,D_short,0.02184,0.008,50292.65,3,P3ML0,P1YL1
ann-0826,D_short,0.017892,0.008,190894.2,3,P3ML0,P1YL1
ann-0827,D_short,0.021173,0.008,185050.29,3,P3ML0,P1YL1
ann-0828,D_short,0.024197,0.008,56237.38,3,P3ML0,P1YL1
ann-0829,D_short,0.020252,0.008,224875.64,3,P3ML0,P1YL1
ann-0830,D_short,0.023844,0.008,152641.39,3,P3ML0,P1YL1
ann-0831,D_short,0.020879,0.008,166722.39,3,P3ML0,P1YL1
ann-0832,D_short,0.02448,0.008,108457.75,3,P3ML0,P1YL1
ann-0833,D_short,0.020465,0.008,52258.6,3,P3ML0,P1YL1
ann-0834,D_short,0.021522,0.008,112145.1,3,P3ML0,P1YL1
ann-0835,D_short,0.023993,0.008,150229.78,3,P3ML0,P1YL1
ann-0836,D_short,0.023203,0.008,224044.39,3,P3ML0,P1YL1
ann-0837,D_short,0.021956,0.008,247928.88,3,P3ML0,P1YL1
ann-0838,D_short,0.018673,0.008,102935.59,3,P3ML0,P1YL1
ann-0839,D_short,0.020991,0.008,70497.36,3,P3ML0,P1YL1
ann-0840,D_short,0.023038,0.008,153045.83,3,P3ML0,P1YL1
ann-0841,D_short,0.020948,0.008,234508.2,3,P3ML0,P1YL1
ann-0842,D_short,0.021925,0.008,245700.69,3,P3ML0,P1YL1
ann-0843,D_short,0.022145,0.008,62359.46,3,P3ML0,P1YL1
ann-0844,D_short,0.022066,0.008,196346.08,3,P3ML0,P1YL1
ann-0845,D_short,0.022444,0.008,51792.46,3,P3ML0,P1YL1
ann-0846,D_short,0.021408,0.008,157589.33,3,P3ML0,P1YL1
ann-0847,D_short,0.021807,0.008,51759.85,3,P3ML0,P1YL1
ann-0848,D_short,0.022338,0.008,92271.87,3,P3ML0,P1YL1
ann-0849,D_short,0.022516,0.008,160133.15,3,P3ML0,P1YL1
ann-0850,D_short,0.023592,0.008,100275.94,3,P3ML0,P1YL1
ann-0851,D_short,0.022142,0.008,227400.2,3,P3ML0,P1YL1
ann-0852,D_short,0.023369,0.008,97718.27,3,P3ML0,P1YL1
ann-0853,D_short,0.019936,0.008,116280.99,3,P3ML0,P1YL1
ann-0854,D_short,0.021252,0.008,131352.03,3,P3ML0,P1YL1
ann-0855,D_short,0.023273,0.008,178027.81,3,P3ML0,P1YL1
ann-0856,D_short,0.022128,0.008,202297.47,3,P3ML0,P1YL1
ann-0857,D_short,0.022246,0.008,231138.52,3,P3ML0,P1YL1
ann-0858,D_short,0.023222,0.008,69556.04,3,P3ML0,P1YL1
ann-0859,D_short,0.023141,0.008,79259.77,3,P3ML0,P1YL1
ann-0860,D_short,0.018059,0.008,216594.88,3,P3ML0,P1YL1
ann-0861,D_short,0.022349,0.008,107246.68,3,P3ML0,P1YL1
ann-0862,D_short,0.02248,0.008,118864.65,3,P3ML0,P1YL1
ann-0863,D_short,0.020171,0.008,208691.41,3,P3ML0,P1YL1
ann-0864,D_short,0.020847,0.008,182953.38,3,P3ML0,P1YL1
ann-0865,D_short,0.022985,0.008,199232.59,3,P3ML0,P1YL1
ann-0866,D_short,0.022916,0.008,73187.03,3,P3ML0,P1YL1
ann-0867,D_short,0.025493,0.008,93967.32,3,P3ML0,P1YL1
ann-0868,D_short,0.020929,0.008,107222.28,3,P3ML0,P1YL1
ann-0869,D_short,0.021972,0.008,99727.93,3,P3ML0,P1YL1
ann-0870,D_short,0.024097,0.008,56452.6,3,P3ML0,P1YL1
ann-0871,D_short,0.021985,0.008,119984.84,3,P3ML0,P1YL1
ann-0872,D_short,0.023316,0.008,140852.95,3,P3ML0,P1YL1
ann-0873,D_short,0.024067,0.008,173096.45,3,P3ML0,P1YL1
ann-0874,D_short,0.019915,0.008,222905.8,3,P3ML0,P1YL1
ann-0875,D_short,0.020406,0.008,98899.02,3,P3ML0,P1YL1
ann-0876,D_short,0.023379,0.008,216040.41,3,P3ML0,P1YL1
ann-0877,D_short,0.025155,0.008,170985.3,3,P3ML0,P1YL1
ann-0878,D_short,0.018937,0.008,72767.65,3,P3ML0,P1YL1
ann-0879,D_short,0.025212,0.008,227093.21,3,P3ML0,P1YL1
ann-0880,D_short,0.023568,0.008,156453.78,3,P3ML0,P1YL1
ann-0881,D_short,0.026061,0.008,200950.22,3,P3ML0,P1YL1
ann-0882,D_short,0.019793,0.008,124108.92,3,P3ML0,P1YL1
ann-0883,D_short,0.020207,0.008,129209.97,3,P3ML0,P1YL1
ann-0884,D_short,0.022505,0.008,144263.07,3,P3ML0,P1YL1
ann-0885,D_short,0.023038,0.008,83603.13,3,P3ML0,P1YL1
ann-0886,D_short,0.022112,0.008,163363.03,3,P3ML0,P1YL1
ann-0887,D_short,0.024182,0.008,79899.03,3,P3ML0,P1YL1
ann-0888,D_short,0.019723,0.008,141536.79,3,P3ML0,P1YL1
ann-0889,D_short,0.021249,0.008,65937.77,3,P3ML0,P1YL1
ann-0890,D_short,0.021227,0.008,172407.66,3,P3ML0,P1YL1
ann-0891,D_short,0.022263,0.008,84308.62,3,P3ML0,P1YL1
ann-0892,D_short,0.024867,0.008,221181.03,3,P3ML0,P1YL1
ann-0893,D_short,0.021225,0.008,159993.25,3,P3ML0,P1YL1
ann-0894,D_short,0.023968,0.008,227269.59,3,P3ML0,P1YL1
ann-0895,D_short,0.02534,0.008,186903.19,3,P3ML0,P1YL1
ann-0896,D_short,0.020064,0.008,63837.56,3,P3ML0,P1YL1
ann-0897,D_short,0.022957,0.008,247025.5,3,P3ML0,P1YL1
ann-0898,D_short,0.024281,0.008,195229.3,3,P3ML0,P1YL1
ann-0899,D_short,0.022672,0.008,242492.97,3,P3ML0,P1YL1
ann-0900,D_short,0.023752,0.008,151549.2,3,P3ML0,P1YL1
ann-0901,D_short,0.024711,0.008,206353.24,3,P3ML0,P1YL1
ann-0902,D_short,0.019125,0.008,175408.32,3,P3ML0,P1YL1
ann-0903,D_short,0.021077,0.008,74083.04,3,P3ML0,P1YL1
ann-0904,D_short,0.02042,0.008,239712.16,3,P3ML0,P1YL1
ann-0905,D_short,0.023556,0.008,172779.19,3,P3ML0,P1YL1
ann-0906,D_short,0.022324,0.008,242986.34,3,P3ML0,P1YL1
ann-0907,D_short,0.022373,0.008,219581.59,3,P3ML0,P1YL1
ann-0908,D_short,0.023459,0.008,115413.21,3,P3ML0,P1YL1
ann-0909,D_short,0.020452,0.008,59890.68,3,P3ML0,P1YL1
ann-0910,D_short,0.023082,0.008,238364.39,3,P3ML0,P1YL1
ann-0911,D_short,0.021924,0.008,69428.88,3,P3ML0,P1YL1
ann-0912,D_short,0.021778,0.008,77090.83,3,P3ML0,P1YL1
ann-0913,D_short,0.019143,0.008,78171.93,3,P3ML0,P1YL1
ann-0914,D_short,0.025085,0.008,95615.3,3,P3ML0,P1YL1
ann-0915,D_short,0.0211,0.008,230217.94,3,P3ML0,P1YL1
ann-0916,D_short,0.024215,0.008,157891.45,3,P3ML0,P1YL1
ann-0917,D_short,0.024054,0.008,136424.83,3,P3ML0,P1YL1
ann-0918,D_short,0.020577,0.008,224292.72,3,P3ML0,P1YL1
ann-0919,D_short,0.020016,0.008,152490.23,3,P3ML0,P1YL1
ann-0920,D_short,0.020896,0.008,121125.99,3,P3ML0,P1YL1
ann-0921,D_short,0.021283,0.008,91043.27,3,P3ML0,P1YL1
ann-0922,D_short,0.02232,0.008,202599.31,3,P3ML0,P1YL1
ann-0923,D_short,0.022913,0.008,82718.72,3,P3ML0,P1YL1
ann-0924,D_short,0.023017,0.008,122576.36,3,P3ML0,P1YL1
ann-0925,D_short,0.023801,0.008,171938.89,3,P3ML0,P1YL1
ann-0926,D_short,0.022576,0.008,185594.89,3,P3ML0,P1YL1
ann-0927,D_short,0.022574,0.008,178764.57,3,P3ML0,P1YL1
ann-0928,D_short,0.021368,0.008,89262.82,3,P3ML0,P1YL1
ann-0929,D_short,0.020564,0.008,217590.65,3,P3ML0,P1YL1
ann-0930,D_short,0.024188,0.008,184121.72,3,P3ML0,P1YL1
ann-0931,D_short,0.022379,0.008,113218.05,3,P3ML0,P1YL1
ann-0932,D_short,0.021965,0.008,146072.58,3,P3ML0,P1YL1
ann-0933,D_short,0.022639,0.008,123354.46,3,P3ML0,P1YL1
ann-0934,D_short,0.022148,0.008,161831.69,3,P3ML0,P1YL1
ann-0935,D_short,0.022496,0.008,113767.29,3,P3ML0,P1YL1
ann-0936,D_short,0.022566,0.008,198304.45,3,P3ML0,P1YL1
ann-0937,D_short,0.015815,0.008,171020.84,3,P3ML0,P1YL1
ann-0938,D_short,0.019223,0.008,228079.15,3,P3ML0,P1YL1
ann-0939,D_short,0.019946,0.008,133109.06,3,P3ML0,P1YL1
ann-0940,D_short,0.020987,0.008,64298.15,3,P3ML0,P1YL1
ann-0941,D_short,0.024705,0.008,221834.56,3,P3ML0,P1YL1
ann-0942,D_short,0.023129,0.008,53809.64,3,P3ML0,P1YL1
ann-0943,D_short,0.022756,0.008,112613.69,3,P3ML0,P1YL1
ann-0944,D_short,0.023613,0.008,216839.26,3,P3ML0,P1YL1
ann-0945,D_short,0.021974,0.008,147516.83,3,P3ML0,P1YL1
ann-0946,D_short,0.02371,0.008,240161.45,3,P3ML0,P1YL1
ann-0947,D_short,0.021217,0.008,59719.88,3,P3ML0,P1YL1
ann-0948,D_short,0.024724,0.008,136288.02,3,P3ML0,P1YL1
ann-0949,D_short,0.023256,0.008,121292.32,3,P3ML0,P1YL1
ann-0950,D_short,0.021382,0.008,180828.95,3,P3ML0,P1YL1
ann-0951,D_short,0.019599,0.008,171710.54,3,P3ML0,P1YL1
ann-0952,D_short,0.020951,0.008,185077.31,3,P3ML0,P1YL1
ann-0953,D_short,0.021179,0.008,129401.24,3,P3ML0,P1YL1
ann-0954,D_short,0.023671,0.008,154467.41,3,P3ML0,P1YL1
ann-0955,D_short,0.018285,0.008,129167.23,3,P3ML0,P1YL1
ann-0956,D_short,0.020337,0.008,139849.54,3,P3ML0,P1YL1
ann-0957,D_short,0.024642,0.008,98579.11,3,P3ML0,P1YL1
ann-0958,D_short,0.017378,0.008,196086.04,3,P3ML0,P1YL1
ann-0959,D_short,0.022049,0.008,57705.47,3,P3ML0,P1YL1
ann-0960,D_short,0.025288,0.008,151425.69,3,P3ML0,P1YL1
ann-0961,D_short,0.019193,0.008,233406.11,3,P3ML0,P1YL1
ann-0962,D_short,0.02068,0.008,209019.06,3,P3ML0,P1YL1
ann-0963,D_short,0.019837,0.008,52645.25,3,P3ML0,P1YL1
ann-0964,D_short,0.021095,0.008,160533.13,3,P3ML0,P1YL1
ann-0965,D_short,0.018956,0.008,83079.61,3,P3ML0,P1YL1
ann-0966,D_short,0.020745,0.008,167732.3,3,P3ML0,P1YL1
ann-0967,D_short,0.02505,0.008,214321.68,3,P3ML0,P1YL1
ann-0968,D_short,0.023025,0.008,137555.23,3,P3ML0,P1YL1
ann-0969,D_short,0.020875,0.008,110719.71,3,P3ML0,P1YL1
ann-0970,D_short,0.019276,0.008,67649.02,3,P3ML0,P1YL1
ann-0971,D_short,0.022094,0.008,82275.26,3,P3ML0,P1YL1
ann-0972,D_short,0.020123,0.008,138441.34,3,P3ML0,P1YL1
ann-0973,D_short,0.024473,0.008,163467.75,3,P3ML0,P1YL1
ann-0974,D_short,0.017693,0.008,243971.28,3,P3ML0,P1YL1
ann-0975,D_short,0.023075,0.008,51675.44,3,P3ML0,P1YL1
ann-0976,D_short,0.024059,0.008,96793.3,3,P3ML0,P1YL1
ann-0977,D_short,0.0225,0.008,180886.04,3,P3ML0,P1YL1
ann-0978,D_short,0.02151,0.008,151908.26,3,P3ML0,P1YL1
ann-0979,D_short,0.028337,0.008,74668.22,3,P3ML0,P1YL1
ann-0980,D_short,0.021504,0.008,102414.71,3,P3ML0,P1YL1
ann-0981,D_short,0.023787,0.008,86095.72,3,P3ML0,P1YL1
ann-0982,D_short,0.021904,0.008,232354.55,3,P3ML0,P1YL1
ann-0983,D_short,0.020728,0.008,160877.32,3,P3ML0,P1YL1
ann-0984,D_short,0.020847,0.008,135481.41,3,P3ML0,P1YL1
ann-0985,D_short,0.019553,0.008,83955.62,3,P3ML0,P1YL1
ann-0986,D_short,0.022661,0.008,173120.7,3,P3ML0,P1YL1
ann-0987,D_short,0.024573,0.008,207499.93,3,P3ML0,P1YL1
ann-0988,D_short,0.021256,0.008,106507.17,3,P3ML0,P1YL1
ann-0989,D_short,0.022128,0.008,246263.78,3,P3ML0,P1YL1
ann-0990,D_short,0.022188,0.008,73812.43,3,P3ML0,P1YL1
ann-0991,D_short,0.019874,0.008,196919.91,3,P3ML0,P1YL1
ann-0992,D_short,0.023996,0.008,173626.52,3,P3ML0,P1YL1
ann-0993,D_short,0.018588,0.008,138471.96,3,P3ML0,P1YL1
ann-0994,D_short,0.023362,0.008,217060.74,3,P3ML0,P1YL1
ann-0995,D_short,0.025018,0.008,69459.63,3,P3ML0,P1YL1
ann-0996,D_short,0.023066,0.008,127512.11,3,P3ML0,P1YL1
ann-0997,D_short,0.020812,0.008,139789.67,3,P3ML0,P1YL1
ann-0998,D_short,0.022441,0.008,220578.88,3,P3ML0,P1YL1
ann-0999,D_short,0.023279,0.008,245123.1,3,P3ML0,P1YL1
ann-1000,D_short,0.022298,0.008,139993.27,3,P3ML0,P1YL1
